INF051,Patna Tech World,YouTube,Bihar,Patna,"Hindi","Tech",420000,210000,90000,250000,140000,biz@patnatech.in
INF052,Patna Food Junction,YouTube,Bihar,Patna,"Hindi","Food",310000,160000,75000,200000,110000,food@patna.in
INF053,Gurgaon Startup Talks,YouTube,Haryana,Gurgaon,"English","Education|Business",540000,270000,120000,320000,180000,biz@gurgaonstartup.in
INF054,Gurgaon Fitness Club,YouTube,Haryana,Gurgaon,"Hindi","Fitness",260000,130000,65000,170000,95000,fit@gurgaon.in
INF055,Kolkata Foodies,YouTube,West Bengal,Kolkata,"Bengali|Hindi","Food",480000,240000,100000,260000,150000,biz@kolkatafood.in
INF056,Kolkata Tech Review,YouTube,West Bengal,Kolkata,"Bengali|English","Tech",390000,200000,85000,220000,120000,tech@kolkata.in
INF057,Ranchi Fitness Pro,YouTube,Jharkhand,Ranchi,"Hindi","Fitness",180000,90000,50000,120000,70000,fit@ranchi.in
INF058,Ranchi Travel Vlogs,YouTube,Jharkhand,Ranchi,"Hindi","Travel",210000,110000,60000,150000,85000,travel@ranchi.in
INF059,Raipur Tech Hub,YouTube,Chhattisgarh,Raipur,"Hindi","Tech",330000,160000,75000,190000,105000,biz@raipurtech.in
INF060,Raipur Food Diaries,YouTube,Chhattisgarh,Raipur,"Hindi","Food",270000,140000,65000,170000,95000,food@raipur.in
INF061,Ludhiana Fitness Studio,YouTube,Punjab,Ludhiana,"Punjabi|Hindi","Fitness",350000,170000,80000,210000,115000,fit@ludhiana.in
INF062,Ludhiana Food Lovers,YouTube,Punjab,Ludhiana,"Punjabi","Food",290000,150000,70000,180000,100000,food@ludhiana.in
INF063,Guwahati Travel Guide,YouTube,Assam,Guwahati,"Hindi","Travel",260000,130000,60000,160000,90000,travel@assam.in
INF064,Guwahati Tech Talks,YouTube,Assam,Guwahati,"English|Hindi","Tech",310000,170000,75000,200000,110000,tech@assam.in
INF065,Bhubaneswar Foodies,YouTube,Odisha,Bhubaneswar,"Odia|Hindi","Food",340000,180000,85000,210000,120000,food@odisha.in
INF066,Bhubaneswar Fitness Hub,YouTube,Odisha,Bhubaneswar,"Odia","Fitness",220000,115000,55000,140000,80000,fit@odisha.in
INF067,Surat Tech World,YouTube,Gujarat,Surat,"Gujarati|English","Tech",450000,230000,110000,280000,155000,biz@surattech.in
INF068,Surat Food Trail,YouTube,Gujarat,Surat,"Gujarati","Food",300000,150000,70000,190000,105000,food@surat.in
INF069,Jaipur Travel Stories,YouTube,Rajasthan,Jaipur,"Hindi","Travel",360000,190000,90000,240000,130000,travel@jaipur.in
INF070,Jaipur Beauty Studio,YouTube,Rajasthan,Jaipur,"Hindi","Beauty",250000,120000,60000,150000,85000,beauty@jaipur.in
INF071,Indore Tech Simplified,YouTube,Madhya Pradesh,Indore,"Hindi","Tech",400000,210000,95000,260000,145000,biz@indoretech.in
INF072,Indore Fitness Club,YouTube,Madhya Pradesh,Indore,"Hindi","Fitness",280000,140000,65000,180000,100000,fit@indore.in
INF073,Chennai Startup Show,YouTube,Tamil Nadu,Chennai,"English|Tamil","Education|Business",620000,300000,150000,400000,220000,biz@chennaistartup.in
INF074,Coimbatore Travel Tales,YouTube,Tamil Nadu,Coimbatore,"Tamil","Travel",310000,150000,75000,200000,110000,travel@coimbatore.in
INF075,Noida Gaming Zone,YouTube,Uttar Pradesh,Noida,"Hindi","Gaming",550000,300000,130000,350000,190000,gaming@noida.in
INF076,Agra Tech Reviews,YouTube,Uttar Pradesh,Agra,"Hindi","Tech",270000,140000,65000,170000,95000,tech@agra.in
INF077,Mumbai Gaming Hub,YouTube,Maharashtra,Mumbai,"Hindi|English","Gaming",720000,380000,150000,420000,230000,gaming@mumbai.in
INF078,Pune Travel Diaries,YouTube,Maharashtra,Pune,"English","Travel",390000,210000,100000,260000,145000,travel@pune.in
INF079,Nagpur Beauty Talks,YouTube,Maharashtra,Nagpur,"Hindi","Beauty",230000,115000,60000,150000,85000,beauty@nagpur.in
INF080,Thane Food Stories,YouTube,Maharashtra,Thane,"Hindi","Food",260000,130000,65000,170000,95000,food@thane.in
INF081,Bangalore Gaming Arena,YouTube,Karnataka,Bangalore,"English","Gaming",680000,350000,140000,380000,210000,gaming@blr.in
INF082,Mysore Travel World,YouTube,Karnataka,Mysore,"Kannada","Travel",210000,100000,50000,130000,75000,travel@mysore.in
INF083,Hyderabad Startup Talks,YouTube,Telangana,Hyderabad,"English","Education|Business",580000,290000,140000,360000,200000,biz@hydstartup.in
INF084,Hyderabad Beauty Lounge,YouTube,Telangana,Hyderabad,"Telugu","Beauty",310000,160000,75000,200000,110000,beauty@hyderabad.in
INF085,Kochi Travel Diaries,YouTube,Kerala,Kochi,"Malayalam","Travel",350000,180000,85000,220000,120000,travel@kochi.in
INF086,Kochi Fitness Hub,YouTube,Kerala,Kochi,"Malayalam","Fitness",260000,130000,65000,170000,95000,fit@kochi.in
INF087,Ahmedabad Gaming Pro,YouTube,Gujarat,Ahmedabad,"Gujarati","Gaming",430000,220000,100000,270000,150000,gaming@ahmedabad.in
INF088,Ahmedabad Fitness Club,YouTube,Gujarat,Ahmedabad,"Gujarati","Fitness",300000,150000,70000,190000,105000,fit@ahmedabad.in
INF089,Varanasi Tech Talks,YouTube,Uttar Pradesh,Varanasi,"Hindi","Tech",290000,150000,70000,180000,100000,tech@varanasi.in
INF090,Lucknow Beauty World,YouTube,Uttar Pradesh,Lucknow,"Hindi","Beauty",240000,120000,60000,150000,85000,beauty@lucknow.in
INF091,Delhi Gaming Squad,YouTube,Delhi,New Delhi,"Hindi|English","Gaming",650000,330000,150000,400000,225000,gaming@delhi.in
INF092,Delhi Travel Hub,YouTube,Delhi,New Delhi,"English","Travel",470000,230000,100000,270000,150000,travel@delhi.in
INF093,Chandigarh Tech Studio,YouTube,Chandigarh,Chandigarh,"English","Tech",360000,190000,85000,220000,120000,tech@chd.in
INF094,Chandigarh Foodies,YouTube,Chandigarh,Chandigarh,"Hindi","Food",310000,160000,75000,200000,110000,food@chd.in
INF095,Goa Fitness Club,YouTube,Goa,Panaji,"English","Fitness",220000,115000,55000,140000,80000,fit@goa.in
INF096,Goa Tech Reviews,YouTube,Goa,Panaji,"English","Tech",280000,140000,65000,170000,95000,tech@goa.in
INF097,Bhopal Travel Stories,YouTube,Madhya Pradesh,Bhopal,"Hindi","Travel",240000,120000,60000,150000,85000,travel@bhopal.in
INF098,Bhopal Gaming Zone,YouTube,Madhya Pradesh,Bhopal,"Hindi","Gaming",310000,160000,75000,200000,110000,gaming@bhopal.in
INF099,Kolkata Fitness Pro,YouTube,West Bengal,Kolkata,"Bengali","Fitness",330000,170000,80000,210000,115000,fit@kolkata.in
INF100,Kolkata Travel Diaries,YouTube,West Bengal,Kolkata,"Bengali|English","Travel",420000,210000,100000,260000,150000,travel@kolkata.in
INF101,Gurgaon Tech Simplified,YouTube,Haryana,Gurgaon,"English","Tech",500000,260000,120000,320000,180000,biz@gurgaontech.in
INF102,Gurgaon Food Stories,YouTube,Haryana,Gurgaon,"Hindi","Food",350000,170000,80000,210000,115000,food@gurgaon.in
INF103,Patna Fitness World,YouTube,Bihar,Patna,"Hindi","Fitness",230000,115000,60000,150000,85000,fit@patna.in
INF104,Patna Travel Hub,YouTube,Bihar,Patna,"Hindi","Travel",270000,140000,65000,170000,95000,travel@patna.in
INF105,Raipur Gaming Arena,YouTube,Chhattisgarh,Raipur,"Hindi","Gaming",260000,130000,65000,170000,95000,gaming@raipur.in
INF106,Ranchi Tech Simplified,YouTube,Jharkhand,Ranchi,"Hindi","Tech",310000,160000,75000,200000,110000,tech@ranchi.in
INF107,Ludhiana Travel Hub,YouTube,Punjab,Ludhiana,"Punjabi","Travel",280000,140000,65000,180000,100000,travel@ludhiana.in
INF108,Guwahati Fitness Pro,YouTube,Assam,Guwahati,"Hindi","Fitness",240000,120000,60000,150000,85000,fit@guwahati.in
INF109,Bhubaneswar Tech Talks,YouTube,Odisha,Bhubaneswar,"Odia|English","Tech",330000,170000,80000,210000,115000,tech@bhubaneswar.in
INF110,Surat Beauty Studio,YouTube,Gujarat,Surat,"Gujarati","Beauty",260000,130000,65000,170000,95000,beauty@surat.in
INF111,Jaipur Gaming World,YouTube,Rajasthan,Jaipur,"Hindi","Gaming",390000,200000,90000,240000,130000,gaming@jaipur.in
INF112,Indore Travel Hub,YouTube,Madhya Pradesh,Indore,"Hindi","Travel",350000,180000,85000,220000,120000,travel@indore.in
INF113,Chennai Gaming Arena,YouTube,Tamil Nadu,Chennai,"Tamil","Gaming",720000,380000,150000,420000,230000,gaming@chennai.in
INF114,Coimbatore Fitness Club,YouTube,Tamil Nadu,Coimbatore,"Tamil","Fitness",310000,150000,75000,200000,110000,fit@coimbatore.in
INF115,Noida Beauty World,YouTube,Uttar Pradesh,Noida,"Hindi","Beauty",270000,140000,65000,170000,95000,beauty@noida.in
INF116,Mumbai Startup Show,YouTube,Maharashtra,Mumbai,"English","Education|Business",980000,500000,200000,500000,275000,biz@mumbaistartup.in
INF117,Bangalore Startup Talks,YouTube,Karnataka,Bangalore,"English","Education|Business",880000,450000,180000,450000,240000,biz@blrstartup.in
INF118,Hyderabad Gaming Arena,YouTube,Telangana,Hyderabad,"Telugu","Gaming",520000,260000,120000,320000,180000,gaming@hyderabad.in
INF119,Kochi Beauty Studio,YouTube,Kerala,Kochi,"Malayalam","Beauty",280000,140000,65000,170000,95000,beauty@kochi.in
INF120,Ahmedabad Travel World,YouTube,Gujarat,Ahmedabad,"Gujarati","Travel",360000,190000,90000,240000,130000,travel@ahmedabad.in
INF121,Delhi Education Hub,YouTube,Delhi,New Delhi,"English","Education",620000,320000,150000,400000,220000,edu@delhi.in
INF122,UP Gaming Arena,YouTube,Uttar Pradesh,Lucknow,"Hindi","Gaming",450000,230000,100000,260000,150000,gaming@up.in
INF123,Pune Fitness Pro,YouTube,Maharashtra,Pune,"English","Fitness",390000,210000,100000,260000,145000,fit@pune.in
INF124,Nagpur Travel Stories,YouTube,Maharashtra,Nagpur,"Hindi","Travel",310000,160000,75000,200000,110000,travel@nagpur.in
INF125,Bangalore Beauty World,YouTube,Karnataka,Bangalore,"English","Beauty",420000,220000,110000,280000,155000,beauty@blr.in
INF126,Chennai Fitness Studio,YouTube,Tamil Nadu,Chennai,"Tamil","Fitness",500000,260000,120000,320000,180000,fit@chennai.in
INF127,Hyderabad Tech Talks,YouTube,Telangana,Hyderabad,"Telugu|English","Tech",620000,320000,150000,400000,220000,tech@hyd.in
INF128,Kolkata Gaming Squad,YouTube,West Bengal,Kolkata,"Bengali","Gaming",380000,200000,90000,240000,130000,gaming@kolkata.in
INF129,Patna Beauty Hub,YouTube,Bihar,Patna,"Hindi","Beauty",260000,130000,65000,170000,95000,beauty@patna.in
INF130,Gurgaon Travel Stories,YouTube,Haryana,Gurgaon,"English","Travel",480000,240000,100000,270000,150000,travel@gurgaon.in
INF131,Ranchi Education Hub,YouTube,Jharkhand,Ranchi,"Hindi","Education",230000,115000,60000,150000,85000,edu@ranchi.in
INF132,Ludhiana Gaming Pro,YouTube,Punjab,Ludhiana,"Punjabi","Gaming",310000,160000,75000,200000,110000,gaming@ludhiana.in
INF133,Guwahati Beauty Lounge,YouTube,Assam,Guwahati,"Hindi","Beauty",240000,120000,60000,150000,85000,beauty@guwahati.in
INF134,Bhubaneswar Travel Hub,YouTube,Odisha,Bhubaneswar,"Odia","Travel",350000,180000,85000,220000,120000,travel@bhubaneswar.in
INF135,Surat Education Talks,YouTube,Gujarat,Surat,"Gujarati","Education",300000,150000,70000,190000,105000,edu@surat.in
INF136,Jaipur Fitness Studio,YouTube,Rajasthan,Jaipur,"Hindi","Fitness",340000,170000,80000,210000,115000,fit@jaipur.in
INF137,Indore Gaming Arena,YouTube,Madhya Pradesh,Indore,"Hindi","Gaming",390000,200000,90000,240000,130000,gaming@indore.in
INF138,Chennai Beauty Hub,YouTube,Tamil Nadu,Chennai,"Tamil","Beauty",460000,240000,110000,280000,155000,beauty@chennai.in
INF139,Mumbai Education Talks,YouTube,Maharashtra,Mumbai,"English","Education",720000,380000,150000,420000,230000,edu@mumbai.in
INF140,Bangalore Travel Guru,YouTube,Karnataka,Bangalore,"English","Travel",880000,450000,180000,450000,240000,travel@blr.in
INF141,Hyderabad Fitness Studio,YouTube,Telangana,Hyderabad,"Telugu","Fitness",420000,220000,110000,280000,155000,fit@hyd.in
INF142,Kochi Gaming Arena,YouTube,Kerala,Kochi,"Malayalam","Gaming",330000,170000,80000,210000,115000,gaming@kochi.in
INF143,Ahmedabad Education Hub,YouTube,Gujarat,Ahmedabad,"Gujarati","Education",360000,190000,90000,240000,130000,edu@ahmedabad.in
INF144,Delhi Beauty Studio,YouTube,Delhi,New Delhi,"English","Beauty",500000,260000,120000,320000,180000,beauty@delhi.in
INF145,UP Travel Diaries,YouTube,Uttar Pradesh,Noida,"Hindi","Travel",380000,200000,90000,240000,130000,travel@up.in
INF146,Pune Gaming Pro,YouTube,Maharashtra,Pune,"English","Gaming",410000,210000,100000,260000,150000,gaming@pune.in
INF147,Nagpur Tech Simplified,YouTube,Maharashtra,Nagpur,"Hindi","Tech",340000,170000,80000,210000,115000,tech@nagpur.in
INF148,Bangalore Fitness Pro,YouTube,Karnataka,Bangalore,"English","Fitness",470000,240000,110000,280000,155000,fit@blr.in
INF149,Chennai Travel Stories,YouTube,Tamil Nadu,Chennai,"Tamil","Travel",520000,270000,120000,320000,180000,travel@chennai.in
INF150,Mumbai Gaming World,YouTube,Maharashtra,Mumbai,"Hindi|English","Gaming",950000,500000,200000,500000,275000,gaming@mumbai.in
INF151,Ahmedabad Tech Simplified,YouTube,Gujarat,Ahmedabad,"Gujarati|English","Tech",370000,180000,85000,230000,120000,tech@ahmedabad.in
INF152,Bhubaneswar Food World,YouTube,Odisha,Bhubaneswar,"Odia|Hindi","Food",310000,160000,70000,190000,105000,food@bhubaneswar.in
INF153,Chennai Fitness Hub,YouTube,Tamil Nadu,Chennai,"Tamil","Fitness",480000,240000,120000,300000,160000,fit@chennai.in
INF154,Mumbai Travel Diaries,YouTube,Maharashtra,Mumbai,"English|Hindi","Travel",520000,270000,130000,350000,175000,travel@mumbai.in
INF155,Bangalore Beauty Lounge,YouTube,Karnataka,Bangalore,"English|Kannada","Beauty",450000,230000,110000,280000,150000,beauty@blr.in
INF156,Delhi Gaming Arena,YouTube,Delhi,New Delhi,"Hindi|English","Gaming",600000,310000,140000,360000,180000,gaming@delhi.in
INF157,Hyderabad Education Talks,YouTube,Telangana,Hyderabad,"Telugu|English","Education",390000,200000,95000,240000,120000,edu@hyderabad.in
INF158,Kolkata Startup Hub,YouTube,West Bengal,Kolkata,"Bengali|English","Business|Startup",420000,210000,100000,260000,130000,biz@kolkata.in
INF159,Lucknow Fitness Studio,YouTube,Uttar Pradesh,Lucknow,"Hindi","Fitness",280000,140000,65000,180000,95000,fit@lucknow.in
INF160,Pune Food Diaries,YouTube,Maharashtra,Pune,"English|Hindi","Food",360000,180000,85000,230000,120000,food@pune.in
INF161,Bangalore Tech Expo,YouTube,Karnataka,Bangalore,"English|Hindi","Tech",590000,300000,130000,380000,205000,techexpo@blr.in
INF162,Coimbatore Street Bites,YouTube,Tamil Nadu,Coimbatore,"Tamil","Food|Reviews",320000,170000,70000,200000,115000,streetbites@coimbatore.in
INF163,Jaipur Culture Vlogs,YouTube,Rajasthan,Jaipur,"Hindi","Travel|Culture",340000,180000,80000,210000,145000,culture@jaipur.in
INF164,Patna Daily Eats,YouTube,Bihar,Patna,"Hindi","Food",290000,150000,65000,180000,95000,daileats@patna.in
INF165,Pune Tech Simplified,YouTube,Maharashtra,Pune,"English","Tech",540000,270000,120000,340000,200000,techs@pune.in
INF166,Chandigarh Food Times,YouTube,Chandigarh,Chandigarh,"Hindi","Food|Reviews",310000,160000,75000,200000,115000,foodtimes@chd.in
INF167,Surat Travel Vibes,YouTube,Gujarat,Surat,"Gujarati","Travel",280000,140000,65000,175000,105000,travelvibes@surat.in
INF168,Ahmedabad Fitness Pro,YouTube,Gujarat,Ahmedabad,"Gujarati","Fitness",330000,170000,80000,210000,145000,fit@ahmedabad.in
INF169,Kolkata Entertainment Hub,YouTube,West Bengal,Kolkata,"Bengali","Entertainment",470000,250000,110000,300000,180000,entertain@kolkata.in
INF170,Guwahati Street Food,YouTube,Assam,Guwahati,"Hindi","Food",270000,140000,70000,190000,105000,streetfood@guwahati.in
INF171,Ludhiana Fitness Crush,YouTube,Punjab,Ludhiana,"Punjabi","Fitness",350000,180000,85000,220000,150000,crush@ludhiana.in
INF172,Varanasi Spiritual Travels,YouTube,Uttar Pradesh,Varanasi,"Hindi","Travel|Culture",390000,200000,90000,240000,165000,spiritual@varanasi.in
INF173,Hyderabad Vlog Stories,YouTube,Telangana,Hyderabad,"Telugu","Lifestyle",410000,215000,95000,250000,170000,vlogstories@hyderabad.in
INF174,Kochi Organic Kitchen,YouTube,Kerala,Kochi,"Malayalam","Food|Health",330000,170000,80000,210000,145000,organickochi@kochi.in
INF175,Thiruvananthapuram Travel Tales,YouTube,Kerala,Thiruvananthapuram,"Malayalam","Travel",290000,150000,70000,180000,110000,travel@thiruvan.in
INF176,Noida Startup Stories,YouTube,Uttar Pradesh,Noida,"Hindi","Business|Startup",530000,275000,130000,360000,195000,startup@noida.in
INF177,Bhopal Tech Guru,YouTube,Madhya Pradesh,Bhopal,"Hindi","Tech",310000,160000,75000,200000,115000,techguru@bhopal.in
INF178,Ahmedabad Kids Vlogs,YouTube,Gujarat,Ahmedabad,"Gujarati","Lifestyle|Family",240000,120000,60000,150000,105000,kids@ahmedabad.in
INF179,Guwahati Tech Insights,YouTube,Assam,Guwahati,"English|Hindi","Tech",350000,180000,85000,230000,155000,insights@guwahati.in
INF180,Bangalore Startup Vibes,YouTube,Karnataka,Bangalore,"English","Business|Startup",610000,310000,140000,380000,200000,startupvibes@blr.in
INF181,Raipur Food Network,YouTube,Chhattisgarh,Raipur,"Hindi","Food|Lifestyle",280000,160000,75000,210000,120000,foodnetwork@raipur.in
INF182,Pune Vlog Community,YouTube,Maharashtra,Pune,"English","Lifestyle",460000,240000,115000,300000,182500,vlogpune@pune.in
INF183,Patna Tech Talks,YouTube,Bihar,Patna,"Hindi","Tech",360000,190000,80000,230000,155000,techtalks@patna.in
INF184,Jaipur Food Stories,YouTube,Rajasthan,Jaipur,"Hindi","Food|Culture",330000,175000,80000,215000,147500,foodstories@jaipur.in
INF185,Chennai Business Community,YouTube,Tamil Nadu,Chennai,"Tamil|English","Business|Startup",580000,285000,140000,360000,200000,bizcommunity@chennai.in
INF186,Kolkata Fitness Zone,YouTube,West Bengal,Kolkata,"Bengali","Fitness",300000,160000,70000,205000,137500,fitness@kolkata.in
INF187,Lucknow Tech Reviews,YouTube,Uttar Pradesh,Lucknow,"Hindi","Tech",410000,215000,90000,250000,170000,techreviews@lucknow.in
INF188,Surat Beauty Trends,YouTube,Gujarat,Surat,"Gujarati","Beauty",290000,150000,70000,195000,132500,beautytrends@surat.in
INF189,Nagpur Lifestyle Hub,YouTube,Maharashtra,Nagpur,"Hindi","Lifestyle",260000,140000,65000,175000,115000,lifestyle@nagpur.in
INF190,Delhi Food Adventures,YouTube,Delhi,New Delhi,"Hindi|English","Food|Travel",480000,250000,120000,315000,187500,foodadv@delhi.in
INF191,Bangalore Culture Bytes,YouTube,Karnataka,Bangalore,"English","Culture|Travel",370000,200000,85000,235000,160000,culturebytes@blr.in
INF192,Bhubaneswar Fitness Stories,YouTube,Odisha,Bhubaneswar,"Odia","Fitness",240000,130000,60000,170000,115000,fitstories@bhubaneswar.in
INF193,Chandigarh Tech Central,YouTube,Chandigarh,Chandigarh,"English","Tech",370000,200000,85000,240000,162500,techcentral@chd.in
INF194,Mumbai Travel Tribe,YouTube,Maharashtra,Mumbai,"English","Travel|Lifestyle",520000,270000,130000,350000,190000,traveltribe@mumbai.in
INF195,Ahmedabad Beauty World,YouTube,Gujarat,Ahmedabad,"Gujarati","Beauty",300000,160000,75000,205000,140000,beautyworld@ahmedabad.in
INF196,Kolkata Startup Insights,YouTube,West Bengal,Kolkata,"Bengali|English","Business",450000,240000,120000,300000,190000,startupinsights@kolkata.in
INF197,Tirunelveli Food Trail,YouTube,Tamil Nadu,Tirunelveli,"Tamil","Food",280000,150000,70000,190000,130000,foodtrail@tirunelveli.in
INF198,Varanasi Fitness Club,YouTube,Uttar Pradesh,Varanasi,"Hindi","Fitness",310000,160000,75000,210000,142500,fitclub@varanasi.in
INF199,Mumbai Tech Influencers,YouTube,Maharashtra,Mumbai,"English|Hindi","Tech",680000,350000,150000,420000,235000,techinfluencers@mumbai.in
INF200,Goa Travel Hub,YouTube,Goa,Panaji,"English","Travel",340000,180000,85000,230000,157500,travelhub@goa.in
INF201,Bangalore Food Network,YouTube,Karnataka,Bangalore,"English|Kannada","Food",420000,220000,110000,280000,155000,foodnetwork@blr.in
INF202,Delhi Fitness Club,YouTube,Delhi,New Delhi,"Hindi","Fitness",360000,180000,90000,240000,135000,fitclub@delhi.in
INF203,Hyderabad Travel Vibes,YouTube,Telangana,Hyderabad,"Telugu","Travel",410000,205000,105000,260000,165000,travelvibes@hyderabad.in
INF204,Kochi Tech Insights,YouTube,Kerala,Kochi,"Malayalam|English","Tech",370000,185000,85000,230000,155000,techinsights@kochi.in
INF205,Mumbai Startup Community,YouTube,Maharashtra,Mumbai,"English","Business|Startup",580000,290000,140000,360000,205000,startup@mumbai.in
INF206,Pune Beauty Hub,YouTube,Maharashtra,Pune,"English","Beauty",330000,165000,80000,210000,132500,beautyhub@pune.in
INF207,Lucknow Travel Diaries,YouTube,Uttar Pradesh,Lucknow,"Hindi","Travel",360000,180000,90000,240000,150000,travel@lucknow.in
INF208,Bhubaneswar Startup Talks,YouTube,Odisha,Bhubaneswar,"Odia|English","Business|Education",390000,195000,95000,250000,160000,startup@bhubaneswar.in
INF209,Jaipur Tech Reviews,YouTube,Rajasthan,Jaipur,"Hindi","Tech",340000,170000,80000,215000,145000,tech@jaipur.in
INF210,Ahmedabad Travel Vibes,YouTube,Gujarat,Ahmedabad,"Gujarati","Travel",310000,155000,75000,200000,132500,travel@ahmedabad.in
INF211,Coimbatore Fitness Club,YouTube,Tamil Nadu,Coimbatore,"Tamil","Fitness",290000,145000,70000,190000,120000,fitclub@coimbatore.in
INF212,Bangalore Gaming Arena,YouTube,Karnataka,Bangalore,"English","Gaming",500000,250000,120000,320000,180000,gaming@blr.in
INF213,Mumbai Foodie Hub,YouTube,Maharashtra,Mumbai,"Hindi|English","Food",450000,225000,110000,300000,165000,foodie@mumbai.in
INF214,Delhi Tech Simplified,YouTube,Delhi,New Delhi,"English|Hindi","Tech",480000,240000,120000,320000,190000,tech@delhi.in
INF215,Hyderabad Beauty Lounge,YouTube,Telangana,Hyderabad,"Telugu","Beauty",350000,175000,85000,230000,140000,beauty@hyd.in
INF216,Kochi Travel Tribe,YouTube,Kerala,Kochi,"Malayalam","Travel",330000,165000,80000,210000,132500,traveltribe@kochi.in
INF217,Pune Startup Hub,YouTube,Maharashtra,Pune,"English","Business|Startup",410000,205000,105000,260000,165000,startup@pune.in
INF218,Lucknow Foodies,YouTube,Uttar Pradesh,Lucknow,"Hindi","Food|Street Food",300000,150000,70000,200000,120000,foodies@lucknow.in
INF219,Jaipur Beauty Studio,YouTube,Rajasthan,Jaipur,"Hindi","Beauty",280000,140000,65000,180000,115000,beautystudio@jaipur.in
INF220,Bhubaneswar Tech Talks,YouTube,Odisha,Bhubaneswar,"Odia|English","Tech",340000,170000,80000,215000,145000,techtalks@bhubaneswar.in
INF221,Guwahati Fitness Pro,YouTube,Assam,Guwahati,"Hindi","Fitness",260000,130000,65000,175000,110000,fit@guwahati.in
INF222,Surat Travel Diaries,YouTube,Gujarat,Surat,"Gujarati","Travel",290000,145000,70000,190000,120000,travel@surat.in
INF223,Bangalore Lifestyle Hub,YouTube,Karnataka,Bangalore,"English","Lifestyle",410000,205000,105000,260000,165000,lifestyle@blr.in
INF224,Mumbai Gaming World,YouTube,Maharashtra,Mumbai,"Hindi|English","Gaming",720000,360000,150000,420000,230000,gaming@mumbai.in
INF225,Delhi Food Adventures,YouTube,Delhi,New Delhi,"Hindi|English","Food|Travel",400000,200000,100000,260000,160000,foodadventures@delhi.in
INF226,Hyderabad Tech Hub,YouTube,Telangana,Hyderabad,"Telugu|English","Tech",500000,250000,120000,320000,180000,techhub@hyd.in
INF227,Kochi Fitness Stories,YouTube,Kerala,Kochi,"Malayalam","Fitness",270000,135000,70000,180000,115000,fitstories@kochi.in
INF228,Pune Travel Diaries,YouTube,Maharashtra,Pune,"English","Travel",360000,180000,90000,240000,150000,travel@pune.in
INF229,Lucknow Tech Simplified,YouTube,Uttar Pradesh,Lucknow,"Hindi","Tech",310000,155000,75000,200000,120000,tech@lucknow.in
INF230,Bhubaneswar Food Network,YouTube,Odisha,Bhubaneswar,"Odia","Food",290000,145000,70000,190000,125000,foodnetwork@bhubaneswar.in
INF231,Jaipur Travel Tribe,YouTube,Rajasthan,Jaipur,"Hindi","Travel",330000,165000,80000,210000,140000,traveltribe@jaipur.in
INF232,Ahmedabad Fitness Club,YouTube,Gujarat,Ahmedabad,"Gujarati","Fitness",310000,155000,75000,200000,125000,fitclub@ahmedabad.in
INF233,Coimbatore Foodies,YouTube,Tamil Nadu,Coimbatore,"Tamil","Food",280000,140000,70000,180000,115000,foodies@coimbatore.in
INF234,Bangalore Tech Simplified,YouTube,Karnataka,Bangalore,"English","Tech",480000,240000,120000,320000,190000,techsimplified@blr.in
INF235,Mumbai Beauty Lounge,YouTube,Maharashtra,Mumbai,"English|Hindi","Beauty",360000,180000,90000,240000,150000,beautylounge@mumbai.in
INF236,Delhi Startup Stories,YouTube,Delhi,New Delhi,"English","Business|Startup",420000,210000,105000,260000,160000,startupstories@delhi.in
INF237,Hyderabad Food Hub,YouTube,Telangana,Hyderabad,"Telugu","Food",350000,175000,85000,230000,140000,foodhub@hyd.in
INF238,Kochi Tech Simplified,YouTube,Kerala,Kochi,"Malayalam|English","Tech",310000,155000,75000,200000,125000,techsimplified@kochi.in
INF239,Pune Fitness Hub,YouTube,Maharashtra,Pune,"English","Fitness",370000,185000,85000,230000,145000,fithub@pune.in
INF240,Lucknow Travel Vlogs,YouTube,Uttar Pradesh,Lucknow,"Hindi","Travel",310000,155000,75000,200000,125000,travelvlogs@lucknow.in
INF241,Bhubaneswar Beauty Lounge,YouTube,Odisha,Bhubaneswar,"Odia","Beauty",280000,140000,70000,180000,115000,beautylounge@bhubaneswar.in
INF242,Jaipur Tech Hub,YouTube,Rajasthan,Jaipur,"Hindi","Tech",360000,180000,90000,240000,150000,techhub@jaipur.in
INF243,Ahmedabad Food Trails,YouTube,Gujarat,Ahmedabad,"Gujarati","Food",310000,155000,75000,200000,125000,foodtrails@ahmedabad.in
INF244,Coimbatore Travel Diaries,YouTube,Tamil Nadu,Coimbatore,"Tamil","Travel",280000,140000,70000,180000,115000,travel@coimbatore.in
INF245,Bangalore Fitness Stories,YouTube,Karnataka,Bangalore,"English","Fitness",390000,195000,95000,250000,160000,fitstories@blr.in
INF246,Mumbai Travel Tribe,YouTube,Maharashtra,Mumbai,"English|Hindi","Travel",470000,235000,115000,300000,180000,traveltribe@mumbai.in
INF247,Delhi Beauty Hub,YouTube,Delhi,New Delhi,"English","Beauty",330000,165000,80000,210000,132500,beautyhub@delhi.in
INF248,Hyderabad Gaming World,YouTube,Telangana,Hyderabad,"Telugu","Gaming",480000,240000,120000,320000,180000,gamingworld@hyd.in
INF249,Kochi Startup Hub,YouTube,Kerala,Kochi,"Malayalam|English","Business|Startup",360000,180000,90000,240000,150000,startuphub@kochi.in
INF250,Pune Tech Talks,YouTube,Maharashtra,Pune,"English","Tech",420000,210000,105000,260000,160000,techtalks@pune.in
INF251,Lucknow Fitness Hub,YouTube,Uttar Pradesh,Lucknow,"Hindi","Fitness",320000,160000,80000,210000,130000,fit@lucknow.in
INF252,Bhubaneswar Gaming Arena,YouTube,Odisha,Bhubaneswar,"Odia","Gaming",310000,155000,75000,200000,125000,gaming@bhubaneswar.in
INF253,Jaipur Food Network,YouTube,Rajasthan,Jaipur,"Hindi","Food",340000,170000,85000,220000,145000,foodnetwork@jaipur.in
INF254,Ahmedabad Beauty Lounge,YouTube,Gujarat,Ahmedabad,"Gujarati","Beauty",300000,150000,75000,200000,125000,beautylounge@ahmedabad.in
INF255,Coimbatore Tech Simplified,YouTube,Tamil Nadu,Coimbatore,"Tamil","Tech",280000,140000,70000,180000,115000,techsimplified@coimbatore.in
INF256,Bangalore Travel Hub,YouTube,Karnataka,Bangalore,"English","Travel",450000,225000,110000,280000,160000,travelhub@blr.in
INF257,Mumbai Fitness Stories,YouTube,Maharashtra,Mumbai,"Hindi|English","Fitness",520000,260000,120000,320000,190000,fitstories@mumbai.in
INF258,Delhi Gaming Squad,YouTube,Delhi,New Delhi,"Hindi|English","Gaming",470000,235000,115000,300000,175000,gaming@delhi.in
INF259,Hyderabad Food Hub,YouTube,Telangana,Hyderabad,"Telugu","Food",390000,195000,95000,250000,160000,foodhub@hyd.in
INF260,Kochi Beauty Hub,YouTube,Kerala,Kochi,"Malayalam","Beauty",310000,155000,75000,200000,125000,beautyhub@kochi.in
INF261,Pune Tech Hub,YouTube,Maharashtra,Pune,"English","Tech",360000,180000,90000,240000,150000,techhub@pune.in
INF262,Lucknow Travel Diaries,YouTube,Uttar Pradesh,Lucknow,"Hindi","Travel",300000,150000,75000,200000,125000,travel@lucknow.in
INF263,Bhubaneswar Fitness Pro,YouTube,Odisha,Bhubaneswar,"Odia","Fitness",280000,140000,70000,180000,115000,fitpro@bhubaneswar.in
INF264,Jaipur Gaming World,YouTube,Rajasthan,Jaipur,"Hindi","Gaming",350000,175000,85000,220000,145000,gamingworld@jaipur.in
INF265,Ahmedabad Travel Vibes,YouTube,Gujarat,Ahmedabad,"Gujarati","Travel",320000,160000,80000,210000,130000,travelvibes@ahmedabad.in
INF266,Coimbatore Fitness Club,YouTube,Tamil Nadu,Coimbatore,"Tamil","Fitness",290000,145000,70000,190000,120000,fitclub@coimbatore.in
INF267,Bangalore Tech Simplified,YouTube,Karnataka,Bangalore,"English","Tech",460000,230000,115000,300000,175000,techsimplified@blr.in
INF268,Mumbai Travel Tribe,YouTube,Maharashtra,Mumbai,"English|Hindi","Travel",500000,250000,125000,320000,190000,traveltribe@mumbai.in
INF269,Delhi Beauty Lounge,YouTube,Delhi,New Delhi,"English","Beauty",340000,170000,85000,220000,145000,beautylounge@delhi.in
INF270,Hyderabad Fitness Studio,YouTube,Telangana,Hyderabad,"Telugu","Fitness",420000,210000,105000,260000,160000,fittestudio@hyd.in
INF271,Kochi Travel Diaries,YouTube,Kerala,Kochi,"Malayalam","Travel",300000,150000,75000,200000,125000,traveldiaries@kochi.in
INF272,Pune Gaming Arena,YouTube,Maharashtra,Pune,"English","Gaming",380000,190000,95000,240000,150000,gaming@pune.in
INF273,Lucknow Tech Simplified,YouTube,Uttar Pradesh,Lucknow,"Hindi","Tech",310000,155000,75000,200000,125000,techsimplified@lucknow.in
INF274,Bhubaneswar Travel Tribe,YouTube,Odisha,Bhubaneswar,"Odia","Travel",330000,165000,80000,210000,140000,traveltribe@bhubaneswar.in
INF275,Jaipur Fitness Club,YouTube,Rajasthan,Jaipur,"Hindi","Fitness",300000,150000,75000,200000,125000,fitclub@jaipur.in
INF276,Ahmedabad Tech Hub,YouTube,Gujarat,Ahmedabad,"Gujarati","Tech",350000,175000,85000,230000,145000,techhub@ahmedabad.in
INF277,Coimbatore Beauty Lounge,YouTube,Tamil Nadu,Coimbatore,"Tamil","Beauty",280000,140000,70000,180000,115000,beautylounge@coimbatore.in
INF278,Bangalore Fitness Hub,YouTube,Karnataka,Bangalore,"English","Fitness",400000,200000,100000,260000,160000,fitnesshub@blr.in
INF279,Mumbai Tech Simplified,YouTube,Maharashtra,Mumbai,"English|Hindi","Tech",520000,260000,120000,320000,190000,techsimplified@mumbai.in
INF280,Delhi Travel Tribe,YouTube,Delhi,New Delhi,"English","Travel",370000,185000,92500,240000,150000,traveltribe@delhi.in
INF281,Hyderabad Gaming Hub,YouTube,Telangana,Hyderabad,"Telugu","Gaming",450000,225000,110000,280000,160000,gaminghub@hyd.in
INF282,Kochi Food Network,YouTube,Kerala,Kochi,"Malayalam","Food",310000,155000,75000,200000,125000,foodnetwork@kochi.in
INF283,Pune Beauty Studio,YouTube,Maharashtra,Pune,"English","Beauty",360000,180000,90000,240000,150000,beautystudio@pune.in
INF284,Lucknow Gaming Arena,YouTube,Uttar Pradesh,Lucknow,"Hindi","Gaming",330000,165000,80000,210000,140000,gaming@lucknow.in
INF285,Bhubaneswar Tech Simplified,YouTube,Odisha,Bhubaneswar,"Odia","Tech",340000,170000,85000,220000,145000,techsimplified@bhubaneswar.in
INF286,Jaipur Travel Hub,YouTube,Rajasthan,Jaipur,"Hindi","Travel",310000,155000,75000,200000,125000,travelhub@jaipur.in
INF287,Ahmedabad Fitness Stories,YouTube,Gujarat,Ahmedabad,"Gujarati","Fitness",300000,150000,75000,200000,125000,fitnessstories@ahmedabad.in
INF288,Coimbatore Tech Hub,YouTube,Tamil Nadu,Coimbatore,"Tamil","Tech",290000,145000,70000,190000,120000,techhub@coimbatore.in
INF289,Bangalore Travel Tribe,YouTube,Karnataka,Bangalore,"English","Travel",430000,215000,105000,270000,160000,traveltribe@blr.in
INF290,Mumbai Gaming Hub,YouTube,Maharashtra,Mumbai,"Hindi|English","Gaming",550000,275000,125000,320000,180000,gaminghub@mumbai.in
INF291,Delhi Fitness Studio,YouTube,Delhi,New Delhi,"English|Hindi","Fitness",400000,200000,100000,260000,160000,fitstudio@delhi.in
INF292,Hyderabad Travel Diaries,YouTube,Telangana,Hyderabad,"Telugu","Travel",380000,190000,95000,240000,150000,traveldiaries@hyd.in
INF293,Kochi Beauty Hub,YouTube,Kerala,Kochi,"Malayalam","Beauty",300000,150000,75000,200000,125000,beautyhub@kochi.in
INF294,Pune Tech Talks,YouTube,Maharashtra,Pune,"English","Tech",370000,185000,92500,240000,150000,techtalks@pune.in
INF295,Lucknow Food Network,YouTube,Uttar Pradesh,Lucknow,"Hindi","Food",320000,160000,80000,210000,130000,foodnetwork@lucknow.in
INF296,Bhubaneswar Fitness Hub,YouTube,Odisha,Bhubaneswar,"Odia","Fitness",300000,150000,75000,200000,125000,fit@bhubaneswar.in
INF297,Jaipur Gaming Arena,YouTube,Rajasthan,Jaipur,"Hindi","Gaming",350000,175000,85000,220000,145000,gamingarena@jaipur.in
INF298,Ahmedabad Travel Diaries,YouTube,Gujarat,Ahmedabad,"Gujarati","Travel",310000,155000,75000,200000,125000,traveldiaries@ahmedabad.in
INF299,Coimbatore Fitness Hub,YouTube,Tamil Nadu,Coimbatore,"Tamil","Fitness",280000,140000,70000,180000,115000,fit@coimbatore.in
INF300,Bangalore Tech Hub,YouTube,Karnataka,Bangalore,"English","Tech",460000,230000,115000,300000,175000,techhub@blr.in
INF301,Mumbai Beauty Lounge,YouTube,Maharashtra,Mumbai,"Hindi|English","Beauty",480000,240000,120000,320000,190000,beautylounge@mumbai.in
INF302,Delhi Tech Simplified,YouTube,Delhi,New Delhi,"English","Tech",450000,225000,110000,280000,160000,techsimplified@delhi.in
INF303,Hyderabad Fitness Hub,YouTube,Telangana,Hyderabad,"Telugu","Fitness",420000,210000,105000,260000,160000,fit@hyd.in
INF304,Kochi Travel Tribe,YouTube,Kerala,Kochi,"Malayalam","Travel",350000,175000,87500,230000,145000,traveltribe@kochi.in
INF305,Pune Gaming Hub,YouTube,Maharashtra,Pune,"English","Gaming",390000,195000,97500,240000,155000,gaminghub@pune.in
INF306,Lucknow Beauty Studio,YouTube,Uttar Pradesh,Lucknow,"Hindi","Beauty",310000,155000,77500,200000,125000,beautystudio@lucknow.in
INF307,Bhubaneswar Tech Talks,YouTube,Odisha,Bhubaneswar,"Odia|English","Tech",330000,165000,82500,220000,140000,techtalks@bhubaneswar.in
INF308,Jaipur Fitness Pro,YouTube,Rajasthan,Jaipur,"Hindi","Fitness",340000,170000,85000,220000,145000,fitpro@jaipur.in
INF309,Ahmedabad Gaming Arena,YouTube,Gujarat,Ahmedabad,"Gujarati","Gaming",360000,180000,90000,240000,150000,gamingarena@ahmedabad.in
INF310,Coimbatore Travel Hub,YouTube,Tamil Nadu,Coimbatore,"Tamil","Travel",290000,145000,72500,190000,120000,travelhub@coimbatore.in
INF311,Bangalore Beauty Lounge,YouTube,Karnataka,Bangalore,"English","Beauty",420000,210000,105000,260000,160000,beautylounge@blr.in
INF312,Mumbai Tech Hub,YouTube,Maharashtra,Mumbai,"English|Hindi","Tech",500000,250000,125000,300000,180000,techhub@mumbai.in
INF313,Delhi Fitness Studio,YouTube,Delhi,New Delhi,"English|Hindi","Fitness",430000,215000,107500,270000,165000,fitstudio@delhi.in
INF314,Hyderabad Travel Diaries,YouTube,Telangana,Hyderabad,"Telugu","Travel",400000,200000,100000,260000,155000,traveldiaries@hyd.in
INF315,Kochi Gaming Hub,YouTube,Kerala,Kochi,"Malayalam","Gaming",320000,160000,80000,210000,130000,gaminghub@kochi.in
INF316,Pune Beauty Studio,YouTube,Maharashtra,Pune,"English","Beauty",360000,180000,90000,240000,150000,beautystudio@pune.in
INF317,Lucknow Tech Hub,YouTube,Uttar Pradesh,Lucknow,"Hindi","Tech",310000,155000,77500,200000,125000,techhub@lucknow.in
INF318,Bhubaneswar Fitness Pro,YouTube,Odisha,Bhubaneswar,"Odia","Fitness",300000,150000,75000,200000,125000,fitpro@bhubaneswar.in
INF319,Jaipur Travel Hub,YouTube,Rajasthan,Jaipur,"Hindi","Travel",320000,160000,80000,210000,130000,travelhub@jaipur.in
INF320,Ahmedabad Beauty Hub,YouTube,Gujarat,Ahmedabad,"Gujarati","Beauty",340000,170000,85000,220000,145000,beautyhub@ahmedabad.in
INF321,Coimbatore Tech Talks,YouTube,Tamil Nadu,Coimbatore,"Tamil","Tech",280000,140000,70000,180000,115000,techtalks@coimbatore.in
INF322,Bangalore Fitness Hub,YouTube,Karnataka,Bangalore,"English","Fitness",400000,200000,100000,260000,160000,fitnesshub@blr.in
INF323,Mumbai Travel Tribe,YouTube,Maharashtra,Mumbai,"English|Hindi","Travel",520000,260000,130000,320000,195000,traveltribe@mumbai.in
INF324,Delhi Gaming Arena,YouTube,Delhi,New Delhi,"Hindi|English","Gaming",450000,225000,112500,280000,165000,gamingarena@delhi.in
INF325,Hyderabad Beauty Lounge,YouTube,Telangana,Hyderabad,"Telugu","Beauty",380000,190000,95000,240000,150000,beautylounge@hyd.in
INF326,Kochi Fitness Hub,YouTube,Kerala,Kochi,"Malayalam","Fitness",330000,165000,82500,220000,140000,fit@kochi.in
INF327,Pune Travel Diaries,YouTube,Maharashtra,Pune,"English","Travel",370000,185000,92500,240000,150000,traveldiaries@pune.in
INF328,Lucknow Gaming Hub,YouTube,Uttar Pradesh,Lucknow,"Hindi","Gaming",340000,170000,85000,220000,145000,gaminghub@lucknow.in
INF329,Bhubaneswar Beauty Studio,YouTube,Odisha,Bhubaneswar,"Odia","Beauty",310000,155000,77500,200000,125000,beautystudio@bhubaneswar.in
INF330,Jaipur Tech Hub,YouTube,Rajasthan,Jaipur,"Hindi","Tech",350000,175000,87500,230000,150000,techhub@jaipur.in
INF331,Ahmedabad Fitness Studio,YouTube,Gujarat,Ahmedabad,"Gujarati","Fitness",300000,150000,75000,200000,125000,fitstudio@ahmedabad.in
INF332,Coimbatore Gaming Arena,YouTube,Tamil Nadu,Coimbatore,"Tamil","Gaming",280000,140000,70000,180000,115000,gamingarena@coimbatore.in
INF333,Bangalore Travel Hub,YouTube,Karnataka,Bangalore,"English","Travel",430000,215000,107500,270000,165000,travelhub@blr.in
INF334,Mumbai Fitness Pro,YouTube,Maharashtra,Mumbai,"English|Hindi","Fitness",550000,275000,137500,320000,195000,fitpro@mumbai.in
INF335,Delhi Beauty Hub,YouTube,Delhi,New Delhi,"English","Beauty",400000,200000,100000,260000,160000,beautyhub@delhi.in
INF336,Hyderabad Tech Talks,YouTube,Telangana,Hyderabad,"Telugu|English","Tech",470000,235000,117500,280000,170000,techtalks@hyd.in
INF337,Kochi Travel Tribe,YouTube,Kerala,Kochi,"Malayalam","Travel",340000,170000,85000,220000,140000,traveltribe@kochi.in
INF338,Pune Gaming Arena,YouTube,Maharashtra,Pune,"English","Gaming",390000,195000,97500,240000,155000,gamingarena@pune.in
INF339,Lucknow Fitness Hub,YouTube,Uttar Pradesh,Lucknow,"Hindi","Fitness",320000,160000,80000,210000,130000,fitnesshub@lucknow.in
INF340,Bhubaneswar Travel Diaries,YouTube,Odisha,Bhubaneswar,"Odia","Travel",350000,175000,87500,230000,145000,traveldiaries@bhubaneswar.in
INF341,Jaipur Beauty Studio,YouTube,Rajasthan,Jaipur,"Hindi","Beauty",330000,165000,82500,220000,140000,beautystudio@jaipur.in
INF342,Ahmedabad Tech Hub,YouTube,Gujarat,Ahmedabad,"Gujarati","Tech",360000,180000,90000,240000,150000,techhub@ahmedabad.in
INF343,Coimbatore Fitness Studio,YouTube,Tamil Nadu,Coimbatore,"Tamil","Fitness",300000,150000,75000,200000,125000,fitstudio@coimbatore.in
INF344,Bangalore Gaming Arena,YouTube,Karnataka,Bangalore,"English","Gaming",460000,230000,115000,300000,175000,gamingarena@blr.in
INF345,Mumbai Travel Hub,YouTube,Maharashtra,Mumbai,"English|Hindi","Travel",500000,250000,125000,320000,190000,travelhub@mumbai.in
INF346,Delhi Fitness Pro,YouTube,Delhi,New Delhi,"English|Hindi","Fitness",430000,215000,107500,270000,165000,fitpro@delhi.in
INF347,Hyderabad Beauty Studio,YouTube,Telangana,Hyderabad,"Telugu","Beauty",380000,190000,95000,240000,150000,beautystudio@hyd.in
INF348,Kochi Tech Talks,YouTube,Kerala,Kochi,"Malayalam|English","Tech",340000,170000,85000,220000,140000,techtalks@kochi.in
INF349,Pune Travel Tribe,YouTube,Maharashtra,Pune,"English","Travel",370000,185000,92500,240000,150000,traveltribe@pune.in
INF350,Lucknow Gaming Arena,YouTube,Uttar Pradesh,Lucknow,"Hindi","Gaming",340000,170000,85000,220000,145000,gamingarena@lucknow.in
INF351,Bhubaneswar Beauty Hub,YouTube,Odisha,Bhubaneswar,"Odia","Beauty",320000,160000,80000,210000,135000,beautyhub@bhubaneswar.in
INF352,Jaipur Tech Talks,YouTube,Rajasthan,Jaipur,"Hindi","Tech",360000,180000,90000,240000,150000,techtalks@jaipur.in
INF353,Ahmedabad Fitness Hub,YouTube,Gujarat,Ahmedabad,"Gujarati","Fitness",310000,155000,77500,200000,125000,fit@ahmedabad.in
INF354,Coimbatore Travel Tribe,YouTube,Tamil Nadu,Coimbatore,"Tamil","Travel",290000,145000,72500,190000,120000,traveltribe@coimbatore.in
INF355,Bangalore Beauty Studio,YouTube,Karnataka,Bangalore,"English","Beauty",450000,225000,112500,280000,170000,beautystudio@blr.in
INF356,Mumbai Tech Talks,YouTube,Maharashtra,Mumbai,"English|Hindi","Tech",520000,260000,130000,320000,195000,techtalks@mumbai.in
INF357,Delhi Fitness Hub,YouTube,Delhi,New Delhi,"English|Hindi","Fitness",400000,200000,100000,260000,155000,fit@delhi.in
INF358,Hyderabad Travel Tribe,YouTube,Telangana,Hyderabad,"Telugu","Travel",380000,190000,95000,240000,150000,traveltribe@hyd.in
INF359,Kochi Gaming Hub,YouTube,Kerala,Kochi,"Malayalam","Gaming",340000,170000,85000,220000,140000,gaminghub@kochi.in
INF360,Pune Beauty Studio,YouTube,Maharashtra,Pune,"English","Beauty",370000,185000,92500,240000,150000,beautystudio@pune.in
INF361,Lucknow Tech Hub,YouTube,Uttar Pradesh,Lucknow,"Hindi","Tech",310000,155000,77500,200000,125000,techhub@lucknow.in
INF362,Bhubaneswar Fitness Pro,YouTube,Odisha,Bhubaneswar,"Odia","Fitness",300000,150000,75000,200000,125000,fitpro@bhubaneswar.in
INF363,Jaipur Travel Tribe,YouTube,Rajasthan,Jaipur,"Hindi","Travel",320000,160000,80000,210000,130000,traveltribe@jaipur.in
INF364,Ahmedabad Beauty Lounge,YouTube,Gujarat,Ahmedabad,"Gujarati","Beauty",340000,170000,85000,220000,145000,beautylounge@ahmedabad.in
INF365,Coimbatore Tech Hub,YouTube,Tamil Nadu,Coimbatore,"Tamil","Tech",280000,140000,70000,180000,115000,techhub@coimbatore.in
INF366,Bangalore Fitness Studio,YouTube,Karnataka,Bangalore,"English","Fitness",400000,200000,100000,260000,160000,fitstudio@blr.in
INF367,Mumbai Travel Diaries,YouTube,Maharashtra,Mumbai,"English|Hindi","Travel",550000,275000,137500,320000,195000,traveldiaries@mumbai.in
INF368,Delhi Gaming Hub,YouTube,Delhi,New Delhi,"Hindi|English","Gaming",430000,215000,107500,270000,165000,gaminghub@delhi.in
INF369,Hyderabad Beauty Hub,YouTube,Telangana,Hyderabad,"Telugu","Beauty",380000,190000,95000,240000,150000,beautyhub@hyd.in
INF370,Kochi Fitness Studio,YouTube,Kerala,Kochi,"Malayalam","Fitness",320000,160000,80000,210000,135000,fitstudio@kochi.in
INF371,Pune Travel Tribe,YouTube,Maharashtra,Pune,"English","Travel",370000,185000,92500,240000,150000,traveltribe@pune.in
INF372,Lucknow Gaming Arena,YouTube,Uttar Pradesh,Lucknow,"Hindi","Gaming",340000,170000,85000,220000,145000,gamingarena@lucknow.in
INF373,Bhubaneswar Beauty Studio,YouTube,Odisha,Bhubaneswar,"Odia","Beauty",310000,155000,77500,200000,125000,beautystudio@bhubaneswar.in
INF374,Jaipur Tech Hub,YouTube,Rajasthan,Jaipur,"Hindi","Tech",350000,175000,87500,230000,150000,techhub@jaipur.in
INF375,Ahmedabad Fitness Studio,YouTube,Gujarat,Ahmedabad,"Gujarati","Fitness",300000,150000,75000,200000,125000,fitstudio@ahmedabad.in
INF376,Coimbatore Gaming Arena,YouTube,Tamil Nadu,Coimbatore,"Tamil","Gaming",280000,140000,70000,180000,115000,gamingarena@coimbatore.in
INF377,Bangalore Travel Hub,YouTube,Karnataka,Bangalore,"English","Travel",430000,215000,107500,270000,165000,travelhub@blr.in
INF378,Mumbai Fitness Pro,YouTube,Maharashtra,Mumbai,"English|Hindi","Fitness",550000,275000,137500,320000,195000,fitpro@mumbai.in
INF379,Delhi Beauty Hub,YouTube,Delhi,New Delhi,"English","Beauty",400000,200000,100000,260000,160000,beautyhub@delhi.in
INF380,Hyderabad Tech Talks,YouTube,Telangana,Hyderabad,"Telugu|English","Tech",470000,235000,117500,280000,170000,techtalks@hyd.in
INF381,Kochi Travel Tribe,YouTube,Kerala,Kochi,"Malayalam","Travel",340000,170000,85000,220000,140000,traveltribe@kochi.in
INF382,Pune Gaming Arena,YouTube,Maharashtra,Pune,"English","Gaming",390000,195000,97500,240000,155000,gamingarena@pune.in
INF383,Lucknow Fitness Hub,YouTube,Uttar Pradesh,Lucknow,"Hindi","Fitness",320000,160000,80000,210000,130000,fitnesshub@lucknow.in
INF384,Bhubaneswar Travel Diaries,YouTube,Odisha,Bhubaneswar,"Odia","Travel",350000,175000,87500,230000,145000,traveldiaries@bhubaneswar.in
INF385,Jaipur Beauty Studio,YouTube,Rajasthan,Jaipur,"Hindi","Beauty",330000,165000,82500,220000,140000,beautystudio@jaipur.in
INF386,Ahmedabad Tech Hub,YouTube,Gujarat,Ahmedabad,"Gujarati","Tech",360000,180000,90000,240000,150000,techhub@ahmedabad.in
INF387,Coimbatore Fitness Studio,YouTube,Tamil Nadu,Coimbatore,"Tamil","Fitness",300000,150000,75000,200000,125000,fitstudio@coimbatore.in
INF388,Bangalore Gaming Arena,YouTube,Karnataka,Bangalore,"English","Gaming",460000,230000,115000,300000,175000,gamingarena@blr.in
INF389,Mumbai Travel Hub,YouTube,Maharashtra,Mumbai,"English|Hindi","Travel",500000,250000,125000,320000,190000,travelhub@mumbai.in
INF390,Delhi Fitness Pro,YouTube,Delhi,New Delhi,"English|Hindi","Fitness",430000,215000,107500,270000,165000,fitpro@delhi.in
INF391,Hyderabad Beauty Studio,YouTube,Telangana,Hyderabad,"Telugu","Beauty",380000,190000,95000,240000,150000,beautystudio@hyd.in
INF392,Kochi Tech Talks,YouTube,Kerala,Kochi,"Malayalam|English","Tech",340000,170000,85000,220000,140000,techtalks@kochi.in
INF393,Pune Travel Tribe,YouTube,Maharashtra,Pune,"English","Travel",370000,185000,92500,240000,150000,traveltribe@pune.in
INF394,Lucknow Gaming Arena,YouTube,Uttar Pradesh,Lucknow,"Hindi","Gaming",340000,170000,85000,220000,145000,gamingarena@lucknow.in
INF395,Bhubaneswar Beauty Hub,YouTube,Odisha,Bhubaneswar,"Odia","Beauty",320000,160000,80000,210000,135000,beautyhub@bhubaneswar.in
INF396,Jaipur Tech Talks,YouTube,Rajasthan,Jaipur,"Hindi","Tech",360000,180000,90000,240000,150000,techtalks@jaipur.in
INF397,Ahmedabad Fitness Hub,YouTube,Gujarat,Ahmedabad,"Gujarati","Fitness",310000,155000,77500,200000,125000,fit@ahmedabad.in
INF398,Coimbatore Travel Tribe,YouTube,Tamil Nadu,Coimbatore,"Tamil","Travel",290000,145000,72500,190000,120000,traveltribe@coimbatore.in
INF399,Bangalore Beauty Studio,YouTube,Karnataka,Bangalore,"English","Beauty",450000,225000,112500,280000,170000,beautystudio@blr.in
INF400,Mumbai Tech Talks,YouTube,Maharashtra,Mumbai,"English|Hindi","Tech",520000,260000,130000,320000,195000,techtalks@mumbai.in
